ssp,period,n,median,p5,p95
ssp126,near,27,0.9840387344360337,0.6698952102661128,1.703096942901611
ssp126,mid,26,1.4824617862701412,0.9232408761978164,2.3818940877914425
ssp126,long,26,1.4186995506286628,0.7659949064254761,2.5124157190322878
ssp245,near,28,1.0475349426269531,0.743526062965393,1.669216604232787
ssp245,mid,28,1.802821397781372,1.3558256292343143,2.624270286560058
ssp245,long,27,2.86915292739868,2.120332841873169,3.9598246383666993
ssp370,near,24,0.9934607028961171,0.7344577503204354,1.8299800634384156
ssp370,mid,23,1.9607243537902832,1.499036445617677,3.084912509918214
ssp370,long,24,4.418159437179565,3.538722963333129,6.052234191894529
ssp585,near,27,1.1810872077941887,0.7825864219665533,1.9270245361328122
ssp585,mid,27,2.4530071258544908,1.6452618312835703,3.4901040744781486
ssp585,long,27,5.523561000823975,4.069119272232055,7.330125932693481
