model,ssp,period,dtmin
ACCESS-CM2,ssp126,near,1.397236537933349
ACCESS-CM2,ssp245,near,1.4049910545349107
ACCESS-CM2,ssp245,mid,2.4352795600891106
ACCESS-CM2,ssp370,near,1.375701808929442
ACCESS-CM2,ssp370,mid,2.511535263061525
ACCESS-CM2,ssp370,long,5.498885631561279
ACCESS-CM2,ssp585,near,1.4455097198486335
ACCESS-CM2,ssp585,mid,2.857547569274903
ACCESS-CM2,ssp585,long,6.60222864151001
ACCESS-ESM1-5,ssp126,near,1.1300566673278816
ACCESS-ESM1-5,ssp126,mid,2.0435936927795417
ACCESS-ESM1-5,ssp126,long,2.271917057037353
ACCESS-ESM1-5,ssp245,near,1.450761318206787
ACCESS-ESM1-5,ssp245,mid,2.136782646179199
ACCESS-ESM1-5,ssp245,long,3.364159107208252
ACCESS-ESM1-5,ssp370,near,0.9997433662414537
ACCESS-ESM1-5,ssp370,mid,1.9607243537902832
ACCESS-ESM1-5,ssp370,long,4.563401889801025
ACCESS-ESM1-5,ssp585,near,1.4949006080627427
ACCESS-ESM1-5,ssp585,mid,2.9295179367065423
ACCESS-ESM1-5,ssp585,long,5.422826290130615
BCC-CSM2-MR,ssp126,near,0.7009091377258301
BCC-CSM2-MR,ssp126,mid,1.0826598167419448
BCC-CSM2-MR,ssp126,long,0.8175488471984877
BCC-CSM2-MR,ssp245,near,0.8147830963134766
BCC-CSM2-MR,ssp245,mid,1.3972438812255845
BCC-CSM2-MR,ssp245,long,2.2111533164978034
BCC-CSM2-MR,ssp370,near,0.7273653030395515
BCC-CSM2-MR,ssp370,mid,1.771232986450194
BCC-CSM2-MR,ssp370,long,3.5373322486877434
BCC-CSM2-MR,ssp585,near,0.8726163864135756
BCC-CSM2-MR,ssp585,mid,1.8991849899292
BCC-CSM2-MR,ssp585,long,4.268600845336913
CMCC-ESM2,ssp126,near,0.7331804275512681
CMCC-ESM2,ssp126,mid,1.8083933830261216
CMCC-ESM2,ssp126,long,2.5543723106384277
CMCC-ESM2,ssp245,near,0.8838789939880378
CMCC-ESM2,ssp245,mid,1.8953872680664077
CMCC-ESM2,ssp245,long,3.429049015045166
CMCC-ESM2,ssp370,near,0.8824570655822761
CMCC-ESM2,ssp370,mid,2.313558483123778
CMCC-ESM2,ssp370,long,4.6605564117431655
CMCC-ESM2,ssp585,near,0.8494042396545396
CMCC-ESM2,ssp585,mid,2.4045646667480476
CMCC-ESM2,ssp585,long,5.99372844696045
CNRM-CM6-1,ssp126,near,1.0394318580627449
CNRM-CM6-1,ssp126,mid,1.4953233718872063
CNRM-CM6-1,ssp126,long,1.6890572547912583
CNRM-CM6-1,ssp245,near,1.0751252174377441
CNRM-CM6-1,ssp245,mid,1.7453052520751946
CNRM-CM6-1,ssp245,long,2.912605476379394
CNRM-CM6-1,ssp370,near,0.7746482849121108
CNRM-CM6-1,ssp370,mid,1.9208312988281264
CNRM-CM6-1,ssp370,long,4.521268367767334
CNRM-CM6-1,ssp585,near,1.1020891189575188
CNRM-CM6-1,ssp585,mid,2.453207492828369
CNRM-CM6-1,ssp585,long,5.928145885467529
CNRM-ESM2-1,ssp126,near,1.0414925575256362
CNRM-ESM2-1,ssp126,mid,1.5562620162963867
CNRM-ESM2-1,ssp126,long,1.8478480339050307
CNRM-ESM2-1,ssp245,near,1.0677604675292969
CNRM-ESM2-1,ssp245,mid,1.5376716613769545
CNRM-ESM2-1,ssp245,long,2.9883754730224616
CNRM-ESM2-1,ssp370,near,1.0969891548156738
CNRM-ESM2-1,ssp370,mid,1.8988580703735352
CNRM-ESM2-1,ssp370,long,4.61512908935547
CNRM-ESM2-1,ssp585,near,1.133091545104982
CNRM-ESM2-1,ssp585,mid,2.303791809082032
CNRM-ESM2-1,ssp585,long,5.46396369934082
CanESM5,ssp126,near,1.4373417854309096
CanESM5,ssp126,mid,1.8551169395446792
CanESM5,ssp126,long,2.0654694557189934
CanESM5,ssp245,near,1.5526371955871596
CanESM5,ssp245,mid,2.6773995399475083
CanESM5,ssp245,long,3.9414948463439927
CanESM5,ssp370,near,1.8936571121215806
CanESM5,ssp370,mid,3.294793033599852
CanESM5,ssp370,long,6.54370641708374
CanESM5,ssp585,near,1.9286849021911614
CanESM5,ssp585,mid,3.5744214057922363
CanESM5,ssp585,long,8.210270404815674
EC-Earth3-Veg-LR,ssp126,near,0.7451725959777846
EC-Earth3-Veg-LR,ssp126,mid,1.2305624961853034
EC-Earth3-Veg-LR,ssp126,long,1.0972317695617662
EC-Earth3-Veg-LR,ssp245,near,0.8333104133605964
EC-Earth3-Veg-LR,ssp245,mid,1.514608764648436
EC-Earth3-Veg-LR,ssp245,long,2.86915292739868
EC-Earth3-Veg-LR,ssp370,near,0.9193902969360366
EC-Earth3-Veg-LR,ssp370,mid,1.7279132843017564
EC-Earth3-Veg-LR,ssp370,long,4.651809215545654
EC-Earth3-Veg-LR,ssp585,near,0.8770474433898912
EC-Earth3-Veg-LR,ssp585,mid,2.1363495826721177
EC-Earth3-Veg-LR,ssp585,long,6.03166389465332
EC-Earth3,ssp126,near,1.2313706398010247
EC-Earth3,ssp126,mid,1.6456038475036614
EC-Earth3,ssp126,long,1.6238890647888198
EC-Earth3,ssp245,near,1.3188838005065904
EC-Earth3,ssp245,mid,1.938166713714601
EC-Earth3,ssp245,long,3.1167826652526855
EC-Earth3,ssp370,near,1.298233985900879
EC-Earth3,ssp370,mid,2.4183429718017564
EC-Earth3,ssp370,long,5.044925498962403
EC-Earth3,ssp585,near,1.357908916473388
EC-Earth3,ssp585,mid,2.790480136871338
EC-Earth3,ssp585,long,6.411396121978761
FGOALS-g3,ssp126,near,0.752335643768312
FGOALS-g3,ssp126,mid,0.6581089973449714
FGOALS-g3,ssp126,long,0.6265791893005357
FGOALS-g3,ssp245,near,0.8561836242675795
FGOALS-g3,ssp245,mid,0.9741298675537102
FGOALS-g3,ssp245,long,1.6357779502868652
FGOALS-g3,ssp370,near,0.8575740814208999
FGOALS-g3,ssp370,mid,1.4937473297119155
FGOALS-g3,ssp370,long,3.1868923187255866
FGOALS-g3,ssp585,near,0.9205267906188972
FGOALS-g3,ssp585,mid,1.3745429992675788
FGOALS-g3,ssp585,long,3.852331447601319
GFDL-CM4,ssp245,near,1.3783390045166009
GFDL-CM4,ssp245,mid,2.0648346900939956
GFDL-CM4,ssp245,long,3.1685640335083
GFDL-CM4,ssp585,near,1.3755262374877937
GFDL-CM4,ssp585,mid,2.725272846221923
GFDL-CM4,ssp585,long,5.746532440185547
GFDL-ESM4,ssp126,near,0.7418079376220703
GFDL-ESM4,ssp126,mid,1.2267449378967292
GFDL-ESM4,ssp126,long,0.926053524017334
GFDL-ESM4,ssp245,near,0.8009618759155259
GFDL-ESM4,ssp245,mid,1.394396114349366
GFDL-ESM4,ssp245,long,2.2676444053649902
GFDL-ESM4,ssp370,near,0.8841151237487779
GFDL-ESM4,ssp370,long,3.7753449440002456
GISS-E2-1-G,ssp126,near,0.8386892318725572
GISS-E2-1-G,ssp126,mid,1.4696002006530762
GISS-E2-1-G,ssp126,long,1.2677268028259263
GISS-E2-1-G,ssp245,near,0.9546004295349135
GISS-E2-1-G,ssp245,mid,1.890864753723143
GISS-E2-1-G,ssp245,long,2.5459938049316406
GISS-E2-1-G,ssp370,near,1.0425560951232917
GISS-E2-1-G,ssp370,mid,1.8663947105407708
GISS-E2-1-G,ssp370,long,3.820471668243407
GISS-E2-1-G,ssp585,near,1.371605396270752
GISS-E2-1-G,ssp585,mid,2.384353923797608
GISS-E2-1-G,ssp585,long,4.822155761718751
HadGEM3-GC31-LL,ssp126,near,1.6997087478637702
HadGEM3-GC31-LL,ssp126,mid,2.017140960693361
HadGEM3-GC31-LL,ssp126,long,2.5129876136779785
HadGEM3-GC31-LL,ssp245,near,1.6997839927673333
HadGEM3-GC31-LL,ssp245,mid,2.4029829025268548
HadGEM3-GC31-LL,ssp245,long,3.967680263519288
HadGEM3-GC31-LL,ssp585,near,1.9789612770080574
HadGEM3-GC31-LL,ssp585,mid,3.476178455352784
HadGEM3-GC31-LL,ssp585,long,7.342528152465821
INM-CM4-8,ssp126,near,0.8184558868408196
INM-CM4-8,ssp126,mid,1.1142156600952156
INM-CM4-8,ssp126,long,0.9800639152526855
INM-CM4-8,ssp245,near,0.9698142051696763
INM-CM4-8,ssp245,mid,1.6105622291564927
INM-CM4-8,ssp245,long,2.3586226463317885
INM-CM4-8,ssp370,near,0.9527180671691902
INM-CM4-8,ssp370,mid,1.8894928932189927
INM-CM4-8,ssp370,long,3.58745183944702
INM-CM4-8,ssp585,near,1.1810872077941887
INM-CM4-8,ssp585,mid,2.1114578247070312
INM-CM4-8,ssp585,long,4.49015302658081
INM-CM5-0,ssp126,near,0.8908733367919908
INM-CM5-0,ssp126,mid,1.2251404762268052
INM-CM5-0,ssp126,long,0.983344554901123
INM-CM5-0,ssp245,near,0.8066379547119134
INM-CM5-0,ssp245,mid,1.507518100738526
INM-CM5-0,ssp245,long,2.2327836036682136
INM-CM5-0,ssp370,near,0.8804581642150886
INM-CM5-0,ssp370,mid,1.76804780960083
INM-CM5-0,ssp370,long,3.6210473060607917
INM-CM5-0,ssp585,near,1.0719140052795417
INM-CM5-0,ssp585,mid,2.1251056671142585
INM-CM5-0,ssp585,long,4.044804096221924
IPSL-CM6A-LR,ssp126,near,0.8883264541625984
IPSL-CM6A-LR,ssp126,mid,1.5277696609497085
IPSL-CM6A-LR,ssp126,long,1.3850186347961433
IPSL-CM6A-LR,ssp245,near,0.9951398849487312
IPSL-CM6A-LR,ssp245,mid,1.7927828788757338
IPSL-CM6A-LR,ssp245,long,3.2147645950317383
IPSL-CM6A-LR,ssp370,near,0.9871780395507805
IPSL-CM6A-LR,ssp370,mid,2.1450317382812507
IPSL-CM6A-LR,ssp370,long,4.862184715270995
IPSL-CM6A-LR,ssp585,near,1.007002735137938
IPSL-CM6A-LR,ssp585,mid,2.5232533454895005
IPSL-CM6A-LR,ssp585,long,6.314388465881347
KACE-1-0-G,ssp126,near,1.7219876289367662
KACE-1-0-G,ssp126,mid,2.405807209014892
KACE-1-0-G,ssp126,long,2.3033905982971206
KACE-1-0-G,ssp245,near,1.8494880676269538
KACE-1-0-G,ssp245,mid,2.6578516960144043
KACE-1-0-G,ssp245,long,3.223718357086181
KACE-1-0-G,ssp370,near,1.8344640731811523
KACE-1-0-G,ssp370,mid,3.016532230377198
KACE-1-0-G,ssp370,long,5.420592975616454
KACE-1-0-G,ssp585,near,1.9231503486633308
KACE-1-0-G,ssp585,mid,3.312287521362304
KACE-1-0-G,ssp585,long,6.4362663269042955
KIOST-ESM,ssp126,near,0.8150688171386733
KIOST-ESM,ssp126,mid,1.242280197143554
KIOST-ESM,ssp126,long,1.127744197845459
KIOST-ESM,ssp245,near,0.9827448844909661
KIOST-ESM,ssp245,mid,1.4505563735961928
KIOST-ESM,ssp245,long,2.174403572082518
KIOST-ESM,ssp585,near,1.0929875373840332
KIOST-ESM,ssp585,mid,2.0846740722656243
KIOST-ESM,ssp585,long,4.125854682922363
MIROC-ES2L,ssp126,near,0.9840387344360337
MIROC-ES2L,ssp126,mid,1.5981596946716294
MIROC-ES2L,ssp126,long,1.226175212860106
MIROC-ES2L,ssp245,near,1.078524208068849
MIROC-ES2L,ssp245,mid,1.7319340705871582
MIROC-ES2L,ssp245,long,2.787548446655272
MIROC-ES2L,ssp370,near,1.1634528160095208
MIROC-ES2L,ssp370,mid,2.1428334236145012
MIROC-ES2L,ssp370,long,3.9809889793395996
MIROC-ES2L,ssp585,near,1.2087290763854988
MIROC-ES2L,ssp585,mid,2.4530071258544908
MIROC-ES2L,ssp585,long,5.152939224243163
MIROC6,ssp126,near,1.1611402511596687
MIROC6,ssp126,mid,1.2533988952636719
MIROC6,ssp126,long,1.4523804664611824
MIROC6,ssp245,near,1.0992021560668945
MIROC6,ssp245,mid,1.9197384834289544
MIROC6,ssp245,long,2.826763248443605
MIROC6,ssp370,near,0.918657588958741
MIROC6,ssp370,mid,1.8760134696960442
MIROC6,ssp370,long,4.193915557861327
MIROC6,ssp585,near,1.1208585739135728
MIROC6,ssp585,mid,2.536519908905028
MIROC6,ssp585,long,6.028559303283693
MPI-ESM1-2-HR,ssp126,near,0.6566035270690911
MPI-ESM1-2-HR,ssp126,mid,0.8974100112915053
MPI-ESM1-2-HR,ssp126,long,0.8167033195495605
MPI-ESM1-2-HR,ssp245,near,0.7125990867614753
MPI-ESM1-2-HR,ssp245,mid,1.3878719329833977
MPI-ESM1-2-HR,ssp245,long,2.284460735321044
MPI-ESM1-2-HR,ssp370,near,0.8087523460388191
MPI-ESM1-2-HR,ssp370,mid,1.5466384887695312
MPI-ESM1-2-HR,ssp370,long,3.7147824287414544
MPI-ESM1-2-HR,ssp585,near,0.7539502143859877
MPI-ESM1-2-HR,ssp585,mid,1.7294659614562988
MPI-ESM1-2-HR,ssp585,long,4.85141839981079
MPI-ESM1-2-LR,ssp126,near,0.4989265441894517
MPI-ESM1-2-LR,ssp126,mid,1.0007334709167495
MPI-ESM1-2-LR,ssp126,long,0.7490921020507812
MPI-ESM1-2-LR,ssp245,near,0.6083184242248549
MPI-ESM1-2-LR,ssp245,mid,1.3385699272155769
MPI-ESM1-2-LR,ssp245,long,2.097159671783448
MPI-ESM1-2-LR,ssp370,near,0.5803991317749038
MPI-ESM1-2-LR,ssp370,mid,1.4525012016296373
MPI-ESM1-2-LR,ssp370,long,3.5466036796569824
MPI-ESM1-2-LR,ssp585,near,0.6108074188232422
MPI-ESM1-2-LR,ssp585,mid,1.6091743469238295
MPI-ESM1-2-LR,ssp585,long,4.310482692718505
NESM3,ssp126,near,0.810179424285888
NESM3,ssp126,mid,1.1426703453063958
NESM3,ssp126,long,1.2305292129516587
NESM3,ssp245,near,1.0273094177246094
NESM3,ssp245,mid,1.7160391807556152
NESM3,ssp245,long,2.3391468048095696
NESM3,ssp585,near,1.0238348007202163
NESM3,ssp585,mid,2.1137686729431167
NESM3,ssp585,long,4.941308498382568
NorESM2-LM,ssp126,near,1.4147218704223619
NorESM2-LM,ssp126,mid,1.1861102104187005
NorESM2-LM,ssp126,long,1.5075258255004869
NorESM2-LM,ssp245,near,0.8707688331604011
NorESM2-LM,ssp245,mid,1.8128599166870103
NorESM2-LM,ssp245,long,2.624445247650147
NorESM2-LM,ssp370,near,1.047157955169677
NorESM2-LM,ssp370,mid,1.9881819725036607
NorESM2-LM,ssp370,long,4.2980662345886245
NorESM2-LM,ssp585,near,1.249941349029541
NorESM2-LM,ssp585,mid,2.335937976837158
NorESM2-LM,ssp585,long,5.414900875091554
NorESM2-MM,ssp126,near,1.4382649421691909
NorESM2-MM,ssp126,mid,1.6408697128295913
NorESM2-MM,ssp126,long,1.5937921524047844
NorESM2-MM,ssp245,near,1.4543549537658684
NorESM2-MM,ssp245,mid,2.246640777587892
NorESM2-MM,ssp245,long,2.935222721099855
NorESM2-MM,ssp370,near,1.1739444732666016
NorESM2-MM,ssp370,mid,2.420010375976563
NorESM2-MM,ssp370,long,4.3150505065917955
NorESM2-MM,ssp585,near,1.558037185668944
NorESM2-MM,ssp585,mid,2.5811453819274917
NorESM2-MM,ssp585,long,5.523561000823975
TaiESM1,ssp126,near,1.5401442527771003
TaiESM1,ssp126,mid,2.4981363296508796
TaiESM1,ssp126,long,2.5107000350952156
TaiESM1,ssp245,near,1.3733122825622566
TaiESM1,ssp245,mid,2.208198165893556
TaiESM1,ssp245,long,3.7928073883056648
TaiESM1,ssp370,near,1.3363050460815415
TaiESM1,ssp370,mid,2.4877725601196303
TaiESM1,ssp370,long,5.102684402465819
TaiESM1,ssp585,near,1.5821117401123033
TaiESM1,ssp585,mid,3.1406013488769524
TaiESM1,ssp585,long,6.499876689910888
UKESM1-0-LL,ssp126,near,1.704549026489257
UKESM1-0-LL,ssp126,mid,2.3101547241210945
UKESM1-0-LL,ssp126,long,2.3689708709716797
UKESM1-0-LL,ssp245,near,1.6124485969543443
UKESM1-0-LL,ssp245,mid,2.5619048118591294
UKESM1-0-LL,ssp245,long,4.129995346069336
UKESM1-0-LL,ssp370,near,1.8045706748962402
UKESM1-0-LL,ssp370,mid,3.092510318756105
UKESM1-0-LL,ssp370,long,6.149883937835693
UKESM1-0-LL,ssp585,near,1.8220396041870117
UKESM1-0-LL,ssp585,mid,3.496072196960448
UKESM1-0-LL,ssp585,long,7.301187419891356
