lat,lon,dbf,tn,td,en
22.875,53.125,5.446575863400924e-07,0.3658580916818369,0.6000736697010567,0.38569241016231776
22.875,53.375,0.0002258845301058361,0.3523309111915168,0.6957734648086947,0.365410848073641
22.875,53.625,1.1343851528715761e-08,0.4246117642694705,0.8849877216966404,0.3405534563539251
22.875,53.875,0.0018463181391187883,0.48473677877090726,0.9203174095050406,0.37892782219329263
22.875,54.125,0.0007386386730587342,0.4933360942250394,0.8457046555734997,0.42672807855986894
22.875,54.375,0.00021605509850630385,0.460281729417672,0.7067242027974721,0.4491268529448434
22.875,54.625,0.00022710322759417304,0.5016097909958221,0.6984637972572766,0.43958716807860293
22.875,54.875,0.00010305060181020979,0.5327583760725958,0.7261371292115553,0.40784232626715017
22.875,55.125,0.00016268354005664052,0.4666177782682358,0.757593001206976,0.36534435141706095
23.125,52.625,1.8165868544720196e-06,0.41724661021825726,0.6355822672569293,0.4827219143572385
23.125,52.875,0.0,0.39793451026689375,0.5826539270346701,0.4525149798819408
23.125,53.125,1.4499278411407058e-07,0.3487522837883875,0.6108631699085603,0.39370501409439534
23.125,53.375,0.00014132757418102793,0.3392642481401057,0.5800258800418531,0.3413710549556574
23.125,53.625,0.001193954416203288,0.39855882876072185,0.6233568032976924,0.3154116540202951
23.125,53.875,0.0021747819165218963,0.4391028550690457,0.7425200919138429,0.3733957520996942
23.125,54.125,0.0008422011581823887,0.38941973829154986,0.624285698663571,0.4268631956393184
23.125,54.375,0.0001097536112354513,0.3380503470116859,0.6120859315057466,0.44455284676878337
23.125,54.625,6.633810018368429e-06,0.4354970271652639,0.6430901500085981,0.4469740470210815
23.125,54.875,6.040967682566918e-06,0.4905339276397473,0.6420560684467367,0.4130166013144145
23.125,55.125,3.3779530423134524e-06,0.4939748898260455,0.6677668868226891,0.38248190506823293
23.375,52.375,0.0,0.38010765336432345,0.4276515722882784,0.42270521636980135
23.375,52.625,0.0,0.4263821806792575,0.5984463833152712,0.41273170574573
23.375,52.875,5.592049404730952e-09,0.4030550068550042,0.6343599656604109,0.40461628892598706
23.375,53.125,2.70755641286058e-07,0.3608326560320077,0.5656932774818404,0.3741544555493104
23.375,53.375,6.953896147630742e-06,0.30211256276191084,0.5442772121511376,0.36147935766211453
23.375,53.625,0.00011771335238803233,0.3271643428057125,0.4710341482888703,0.3626808116655661
23.375,53.875,0.00041131284331071986,0.33398908493226476,0.5039284654172784,0.41186403479080647
23.375,54.125,0.0009655210461629858,0.3522689910621205,0.5518271623605983,0.44591273809462817
23.375,54.375,0.0005844869479568743,0.38996092677919253,0.6841815457602655,0.46469910292410244
23.375,54.625,2.1203140198722376e-05,0.4385057654687068,0.696482380304253,0.4743156114827865
23.375,54.875,3.4834841178813125e-07,0.4477359133256463,0.656612518543579,0.447580883000559
23.375,55.125,9.141906543533402e-08,0.3977477375880206,0.561726269868923,0.4467041780281793
23.375,55.375,0.0033038809206356336,0.5513841480124952,0.4987970911227587,0.4860324628632861
23.625,52.125,4.857703328810777e-09,0.14866824144231683,0.8977743048273392,0.4155675055300868
23.625,52.375,5.160616057249171e-05,0.38776919879360255,0.6216673806740646,0.4229206017406772
23.625,52.625,1.4825618108007524e-05,0.3549658377733924,0.6599418223949106,0.4189808440867073
23.625,52.875,0.00022322935169073022,0.3235706538754414,0.6678571063213463,0.41965590893173177
23.625,53.125,9.195245347326818e-06,0.37030314081403665,0.6525307177870485,0.4106793291540952
23.625,53.375,0.0006677629861183174,0.3628057500670645,0.49993135572471425,0.42086330459411636
23.625,53.625,0.0063446894079829085,0.40053605360640454,0.4568050905882788,0.4339251185695723
23.625,53.875,0.0011864716443151589,0.3325352151569492,0.5546497069893815,0.4444286643282451
23.625,54.125,1.390224805464589e-06,0.29218637209242504,0.6106230826292143,0.4578569108341711
23.625,54.375,0.00019755289939203912,0.39339785551916745,0.6202387046586217,0.44443727832622626
23.625,54.625,1.316771485431645e-05,0.4443727719078013,0.5786760637864738,0.44942931712619844
23.625,54.875,4.2058579511924386e-05,0.4429712192108274,0.5308625423054144,0.4468974074538873
23.625,55.125,7.02054655039095e-07,0.4371788764643375,0.435051612887463,0.4678382993375183
23.625,55.375,0.00045378455760576667,0.48814433172462013,0.49939399956019126,0.5202973826466433
23.875,51.875,1.2624768256278486e-05,0.1035127057930071,0.5980147363760018,0.4156623756111442
23.875,52.125,6.805569335313046e-05,0.5570822629523401,0.5839488150214489,0.32595880023856894
23.875,52.375,2.6779137968434046e-05,0.6481638890781384,0.2864120997868882,0.35250437312558336
23.875,52.625,0.00018452767466785278,0.3604378887257182,0.4159444503783301,0.46255639754060296
23.875,52.875,0.002211281261772907,0.3784187322590869,0.44647549882558885,0.4728642468286878
23.875,53.125,5.412075125827544e-06,0.44034283064871355,0.45873557546674343,0.4525587675600018
23.875,53.375,0.00028153950428130804,0.38325825913681943,0.40250865425478427,0.44793985290697996
23.875,53.625,0.00401402961326694,0.46751645373886697,0.25618763114163334,0.4690661915857603
23.875,53.875,0.0007906064307631755,0.5028027454114655,0.3102977466429389,0.4627710913126897
23.875,54.125,2.3140958009153132e-05,0.32577715618716385,0.4608148635111258,0.40566217147391126
23.875,54.375,4.0796890715886926e-05,0.385488885096559,0.37916245183891895,0.415989156527054
23.875,54.625,7.975983564265812e-07,0.4399198743923837,0.41979697996081855,0.4116624751290265
23.875,54.875,1.8664049595168788e-05,0.4510987689046107,0.3642372525655122,0.4115543539527371
23.875,55.125,0.0001424547732386312,0.4402441004447371,0.4086035493894197,0.4434065294664902
23.875,55.375,0.00203412452485655,0.5450536569328189,0.5243145806288281,0.4852461446422658
24.125,51.625,0.0013496820423754882,0.16720048644258328,0.359066660520791,0.4249727817191748
24.125,52.625,0.02074553163015539,0.8556027200570194,0.223070319428067,0.39492404349806376
24.125,52.875,0.007773255994317431,0.8751958291930348,0.29474384359288275,0.4231015843370696
24.125,53.125,0.0001456086313368344,0.6173882814971879,0.27402553444241784,0.404742760645848
24.125,53.375,0.00507377187218459,0.8311186619071077,0.2876936376295255,0.4112308666198452
24.125,53.875,0.0013324645296010872,0.3091261238140536,0.30892772344050534,0.3515844635821634
24.125,54.125,0.00020116877263105966,0.16920125015994547,0.5171454236005483,0.4056413913288834
24.125,54.375,0.0014092354622255376,0.19458583283335368,0.5337485969393866,0.3892815091621537
24.125,54.625,0.00367914173865186,0.255068105114238,0.4846308095655561,0.41043195242899244
24.125,54.875,0.0036932166180907184,0.5162545357706285,0.2613971425975597,0.3850491848435465
24.125,55.125,0.0030201261512023646,0.493260959880206,0.390427905913804,0.4140939128799988
24.125,55.375,0.004675280098497678,0.6056385093924529,0.46882417938245396,0.45723720813493984
24.125,55.625,0.026627199176056337,0.8508156802570572,0.2528274629514034,0.42041567242634553
24.125,55.875,0.012336831561811045,0.5021389814193278,0.29113890038141327,0.31526237015623226
24.375,54.375,0.05782139398266166,0.3812287077368825,0.6135445207905796,0.3910179617141075
24.375,54.625,0.05166200456470476,0.8686740756801652,0.27666101286271866,0.3816691125225411
24.375,54.875,0.0032576642754593155,0.4789670710867957,0.26595656867953754,0.3612251884830542
24.375,55.125,0.0005566227715825172,0.46025966286488745,0.359175169216152,0.3906286256356067
24.375,55.375,0.0035600707233055967,0.5148906396448149,0.3972688775659998,0.43168873963353227
24.375,55.625,0.005963082885980405,0.5966221212145547,0.49577051054713417,0.4168546007851615
24.625,54.625,0.018886819483722114,0.5525234710357728,0.22695248923145672,0.31382400310519853
24.625,54.875,0.004944261536488701,0.5358178737985378,0.1008800304832765,0.3410366888045376
24.625,55.125,0.001172655480447955,0.4928418376036653,0.3644616916841491,0.3678307689089466
24.625,55.375,0.001632251736200026,0.4213231813211512,0.28426225938291616,0.4009554229526091
24.625,55.625,0.003490065951608907,0.5338814181122116,0.45672586939485116,0.39994412564170956
24.875,54.875,0.0017934419976151908,0.8579860686930224,0.057803451483077604,0.2863525701166348
24.875,55.125,0.018564847336346783,0.9208548490833963,-0.16566386739949135,0.3282824203134184
24.875,55.375,0.005498108604357455,0.5122232753837805,0.06947620161034743,0.3415376382388457
24.875,55.625,0.0024231399630621564,0.46076709351241163,0.33315531825768785,0.3493305835600673
24.875,56.125,0.003211074760683761,0.1592831408525879,-0.8629381393503248,0.29679719927302806
25.125,55.375,0.044203611764958045,1.0189612708121871,-0.2900933001454246,0.2700225567112171
25.125,55.625,0.009119058737799094,0.5760620886454887,0.20212581363901008,0.2624666594739353
25.125,55.875,0.004212932812985596,0.36952229244997153,0.40098441520497125,0.2675649982878731
25.125,56.125,0.0017879227830018191,0.2201921354404454,-0.9507394648119488,0.233890323016257
25.125,56.375,0.007523335369696105,0.2825924597487874,-0.33166588292879884,0.2648347029984981
25.375,55.375,0.09591751431125713,1.0333589251057524,-0.22409768085845266,0.23025248771490053
25.375,55.625,0.03506694558757677,0.6715464715806237,-0.15541194200067807,0.212249822528999
25.375,55.875,0.007560834782698085,0.46733313463711373,0.18530115493184107,0.2660826547488149
25.375,56.125,0.003624905495269793,0.248843814877532,-0.3530326230750421,0.2789196051990753
25.625,55.875,0.02310765136426168,0.6495683161759731,-0.13237569061771268,0.28052644661424364
25.625,56.125,0.003381900752320857,0.25496059618873873,-0.21229988173708525,0.30556754721405077
25.875,56.125,0.005731503953151482,0.24299179769805226,-0.20022065455217672,0.3263759487010428
