group,var,n,urban,rural,diff,lo,hi
2-5,tn,1803,0.708196435653134,0.3951784430594102,0.31301799259372376,0.24471667306522812,0.37787454618788713
2-5,td,1803,0.1755272924941963,0.3410800048997982,-0.16555271240560188,-0.27163157387655223,-0.05572905409752698
2-5,en,1803,0.343442979968969,0.3896226390017304,-0.04617965903276139,-0.06831433468856533,-0.021257557795157048
2-5,ex,1803,0.19893279999168714,0.2160173361107365,-0.017084536119049365,-0.03288397093480401,-0.0013193127148364045
5-10,tn,997,0.9255709341991936,0.3848057072020288,0.5407652269971648,0.4135496066330194,0.6502182027007433
5-10,td,997,-0.01725412144486655,0.29360312710893677,-0.3108572485538033,-0.5014322137334308,-0.11396401188703871
5-10,en,997,0.33376584836092865,0.38090299831357183,-0.047137149952643176,-0.07818903818660687,-0.014393182850126505
5-10,ex,997,0.1937539680979739,0.21165183550277772,-0.017897867404803813,-0.042180747129232844,0.004600772778379802
10-20,tn,665,1.2322765189232803,0.38344918863816013,0.8488273302851201,0.6537588582073237,1.001342653825054
10-20,td,665,-0.27750660705522967,0.25757634263961393,-0.5350829496948436,-0.7789527477559808,-0.2516539654991627
10-20,en,665,0.3191218162728461,0.3753561580282458,-0.05623434175539971,-0.09308840054836973,-0.012228226773395343
10-20,ex,665,0.20533458679222924,0.2098493695040878,-0.004514782711858567,-0.03379576071391642,0.023149762227269353
>=20,tn,158,1.2953856982518628,0.37451263241912996,0.9208730658327329,0.7148209516745392,1.1330933350659391
>=20,td,158,-0.2059134258969395,0.2444043150164359,-0.4503177409133754,-0.7729170609315058,0.03333963991707725
>=20,en,158,0.3039718736465246,0.3724668935013349,-0.06849501985481027,-0.10894426467681763,-0.004568346225265642
>=20,ex,158,0.20513173374119661,0.2080141424295639,-0.002882408688367283,-0.03164441625963348,0.02445425923357938
established,tn,535,0.7481438673559352,0.37707175697909523,0.37107211037683996,0.24691371386388503,0.49907857245008413
established,td,535,-0.050775156229157875,0.4067648680290895,-0.45754002425824736,-0.6553749791325602,-0.19896121928403768
established,en,535,0.3306537805421696,0.39036307972256556,-0.05970929918039597,-0.09100106752078475,-0.02663268353436721
established,ex,535,0.1324954667918261,0.20412360208949998,-0.07162813529767387,-0.09252497336105725,-0.047126062206506066
urban centre,tn,1395,1.0476258643328298,0.38090645300411086,0.6667194113287189,0.4995595211828879,0.806631194942283
urban centre,td,1395,-0.1840990129250253,0.30986930776063937,-0.49396832068566465,-0.717718260009405,-0.22790785378189704
urban centre,en,1395,0.316610843924112,0.3803870853359072,-0.06377624141179522,-0.10053844307699308,-0.02150805590501147
urban centre,ex,1395,0.1717142731200508,0.20701965590467308,-0.03530538278462228,-0.06737599963286701,-0.004053257897155743
urban cluster,tn,1233,0.8580116753082797,0.38499003174722257,0.47302164356105714,0.3439965968877816,0.5996789837358364
urban cluster,td,1233,-0.01847894132314347,0.2924009689387599,-0.31087991026190337,-0.5066376029742863,-0.13467658607332644
urban cluster,en,1233,0.3322153739339847,0.3810839313663596,-0.04886855743237489,-0.07928131284602351,-0.01711763581887142
urban cluster,ex,1233,0.19111755877953857,0.21249171247616258,-0.021374153696624015,-0.04696779897103031,0.0010701055597268933
