tau,night,night_lo,night_hi,day,day_lo,day_hi
-10,-0.3215238686860064,-0.4857770014178678,-0.1182301945240178,-0.07091116202080552,-0.30905736527410915,0.1668243643320741
-9,-0.0029180587220060737,-0.2124772777683313,0.2530411593781011,0.49044941993579977,-0.02406662402224388,1.066027791459824
-8,0.06804398733330472,-0.10256708562628293,0.26564897534424303,0.24790900893526602,-0.09001196123641811,0.5371211014959103
-7,-0.044275660569009626,-0.2789139930675906,0.1451417358331846,0.17886234948424504,-0.14960037005860768,0.4380207079010355
-6,-0.17103293004954204,-0.2845174956893932,-0.03057481399539898,0.26563060442308356,-0.05869758876259767,0.6340235060418523
-5,-0.21882270529578954,-0.3191021283519159,-0.09170788332696461,0.07003096258289268,-0.11398952774356713,0.28338237363598695
-4,0.11859534167642692,-0.09691126735840623,0.37719316041672807,0.035575677451878555,-0.09321225559393827,0.18441293915991588
-3,0.03128927149683256,-0.10085054155890119,0.1864117612382992,-0.09014762259297084,-0.18602502833787007,-0.006887498375130806
-2,0.08002387784325939,-0.05825678720181099,0.22811219028304425,0.02310733112913082,-0.11154385666797156,0.14000119988351342
-1,-0.008488171199698875,-0.11900891307339172,0.08959686474613344,-0.03840202673512573,-0.15624559529290827,0.07437876786352407
0,0.21055884806706612,0.034776515041097376,0.3285667948648993,0.04477156196606905,-0.08122099077636959,0.13679583639835052
1,0.15823138597072214,0.0010258287476896683,0.306219583878753,-0.04422515486032118,-0.2059084354020077,0.11242376047072379
2,0.349770679870161,0.1879113332778321,0.509738777836826,-0.014664158822879952,-0.19757583878410712,0.1396982708190061
3,0.33716478573285524,0.15911573526946116,0.5219156959767602,-0.13838692382086643,-0.37793401928481457,0.03230736654963985
4,0.356347567810657,0.17289466730312433,0.5367356305649195,0.029401887426750786,-0.13616322747613732,0.18345149522505716
5,0.5387119203629138,0.3304385514422097,0.7017806699396342,0.024178507351950967,-0.20183236805391974,0.18695810487006648
6,0.49876936714777104,0.2609307852199375,0.7004341507449486,-0.031185878544839393,-0.2279091963774389,0.10913818293733066
7,0.6611588727586478,0.4115649721273301,0.8808082861359707,0.23215528249951975,-0.19239344751739046,0.6018957859965943
8,0.9988887754274836,0.6820117663149532,1.3603580130348902,0.36193770508299433,-0.28709623965427855,0.8935668988109686
9,0.8846231564978586,0.5534918594210438,1.234151413332783,0.2469836754745892,-0.2256611767556695,0.6432826769577172
10,1.0324684607485923,0.6841579549437758,1.3638282346333421,0.31583871413185227,-0.24345500260445113,0.7479134916781285
11,1.0503877954459502,0.7286928711430708,1.3683234001967555,0.3463266862996208,-0.19392798987282905,0.788589301267936
12,1.0242476646205807,0.7959170785274715,1.29447433398232,0.2947434409192818,-0.19452282979056928,0.7295945929741514
