lcz,name,n,note,dbf,H,lp,tn,tn_lo,tn_hi,td,td_lo,td_hi,en
1,Compact high-rise,0,too few cells,,,,,,,,,,
2,Compact mid-rise,2,too few cells,,,,,,,,,,
3,Compact low-rise,90,,2.8356798849438882,3.7120660678198103,0.08747177763138507,0.029560842155737732,-0.11964991852465594,0.23628933218905715,-0.4084084068493897,-0.7099519994572838,-0.23397089194324455,-0.06713799129235648
4,Open high-rise,2,too few cells,,,,,,,,,,
5,Open mid-rise,0,too few cells,,,,,,,,,,
6,Open low-rise,765,,6.132477777693388,5.445455106316734,0.1311092055528045,0.4612296976504866,0.3139457481178309,0.5847941097181879,-0.6864400633434424,-0.8102258489123838,-0.5151369528596208,-0.06710528589425935
7,Lightweight low-rise,0,too few cells,,,,,,,,,,
8,Large low-rise,2271,,7.18852470516727,5.365751509739918,0.13797155316672186,0.4699349734403533,0.27638740304842013,0.6151272949911598,-0.3350039331300738,-0.5083805759166193,-0.15640862647161546,-0.053735090451052625
9,Sparsely built,582,,1.6479711176677407,2.5478443909945363,0.024677096932343878,0.2545522292256074,0.18709753436794704,0.3173781024121201,-0.19366584697726683,-0.304162465468685,-0.07740051082361618,-0.04716206828208758
10,Heavy industry,72,,8.530889010603362,15.923770428383458,0.2691788057692716,0.525265053333969,0.23146213845052596,0.7167388683572793,-0.24798751990800455,-0.7049691985000393,0.41192277923823073,-0.06628141882184518
