year,night_urban,night_rural,night_diff,day_urban,day_rural,day_diff
1995,-1.6294166670812595,-0.22703899455306692,-1.4023776725281927,0.6364616856222108,0.3626042153764439,0.27385747024576695
1996,-1.7297756024451802,-0.7562805064769338,-0.9734950959682465,1.6064400248998008,0.25778080602903747,1.3486592188707633
1997,-1.5961175342817686,-0.7804650442027824,-0.8156524900789862,-0.07770008797863702,-1.1669392799719789,1.089239191993342
1998,-0.12111574422680971,1.1941775718491117,-1.3152933160759215,1.6935935991627356,1.3674379555217593,0.32615564364097627
1999,-0.9617730681295995,-0.08903909919431786,-0.8727339689352817,1.865520911894756,1.4509719942277406,0.4145489176670154
2000,-1.3821324973534317,-0.4256811821898381,-0.9564513151635936,1.3832909962930882,0.9164082672629325,0.4668827290301557
2001,1.0987713700616277,0.8611107031773508,0.2376606668842769,0.5984290795170621,0.20121790136108583,0.3972111781559763
2002,-0.24340748872026138,0.11505516340613087,-0.3584626521263923,-0.05298016379676363,-0.17576337617871926,0.12278321238195564
2003,-0.347885766790611,0.1872339764640326,-0.5351197432546436,-0.545209808340231,-1.112117063749087,0.5669072554088559
2004,-0.6506871917569416,-0.006061465507655428,-0.6446257262492862,-0.1177624972897532,-0.2122661374804579,0.09450364019070469
2005,-0.42701930056341286,-0.09506073065692591,-0.331958569906487,-0.2571890696813733,-0.7474382008428063,0.49024913116143304
2006,-0.39451601762663235,-0.13080210557819666,-0.2637139120484357,-0.5420932582208328,-0.5525909938387105,0.010497735617877701
2007,-0.07715170981583896,-0.04914890822090452,-0.028002801594934443,-1.142125895390144,-0.8215215834148558,-0.32060431197528827
2008,-0.3926864828749415,-0.3150439011606026,-0.07764258171433891,-2.0094144284586255,-1.502940302823251,-0.5064741256353744
2009,-0.13035205267543423,-0.18365427239587434,0.05330221972044011,-1.352567297734303,-1.2622125964342576,-0.09035470130004541
2010,0.8256335512046769,0.4688395921028022,0.35679395910187467,-0.021575301431883614,0.2674440161123143,-0.2890193175441979
2011,0.4936798592473897,-0.166856911493626,0.6605367707410157,-1.1556117059467559,-0.755971070735049,-0.3996406352117069
2012,0.39931058730834573,-0.19318920987417232,0.5924997971825181,0.13234903257869898,0.4716029104305592,-0.33925387785186023
2013,0.16253850477940837,-0.5784743687698058,0.7410128735492142,-0.12115396373842285,0.01157324427699709,-0.13272720801541996
2014,0.08136453844513528,-0.47882208401784476,0.56018662246298,0.27406914501995316,0.42897493951456805,-0.1549057944946149
2015,0.9208466102887979,0.1467786767717564,0.7740679335170415,0.552129210205206,1.0743391668740967,-0.5222099566688907
2016,0.9230364471465559,0.027219790490431002,0.8958166566561249,0.5063624012616132,0.7358976876957989,-0.22953528643418564
2017,1.4699066794001974,0.06085837910810402,1.4090483002920933,0.9678382999969252,0.7865420446529255,0.18129625534399962
2018,,,,,,
2019,1.5338038075498213,0.9741456073758765,0.5596582001739447,-0.5470416918223278,0.4729907954142089,-1.0200324872365367
2020,1.2790443843061277,0.7439201121980495,0.5351242721080781,-0.1862327969125049,0.35559809569156536,-0.5418308926040702
2021,2.137115339160244,1.1469914570693929,0.9901238820908511,0.7455667358039421,1.5371920028766555,-0.7916252670727134
2022,1.889384065613602,0.7099830584300981,1.179401007183504,-0.25734534588727087,0.4811770526957123,-0.7385223985829832
2023,1.9745880879444397,0.8780659840101408,1.096522103934299,-0.15053887750371633,1.0363650305287824,-1.1869039080324988
2024,2.212629696428081,1.3081955890277608,0.9044341074003204,-0.41124797631532717,0.19227551819978062,-0.6035234945151078
